Rank,Keyword,Current position,Volume,KD,CPC
1,requirements management software,35,2000,24,6.16
2,social media planner,47,1900,39,4.25
3,engagebay,40,1100,12,15.0
4,project management courses online,41,1000,28,4.26
5,ai task manager,27,800,22,4.88
6,fireflies note taker,44,900,31,2.2
7,agency project management software,21,700,14,18.16
8,inventory tracking,29,700,25,12.23
9,what is the best project management software,22,800,35,4.99
10,project management training courses,34,800,38,5.65
11,content planner,31,1400,67,4.09
12,team planner,31,800,43,7.54
13,best kanban software,23,500,10,8.48
14,business management app,38,500,11,3.23
15,simple inventory management,48,600,39,10.8
16,kpi tracker,36,500,28,5.51
17,employee timesheet,34,600,44,4.47
18,simple project management software,33,600,52,10.44
19,team building companies,32,500,47,2.25
20,collaboration tool,21,600,60,2.06
